,remote_host,remote_logname,remote_user,request_first_line,request_http_ver,request_method,request_url,request_url_fragment,request_url_hostname,request_url_netloc,request_url_password,request_url_path,request_url_port,request_url_query,request_url_query_dict,request_url_query_list,request_url_query_simple_dict,request_url_scheme,request_url_username,response_bytes_clf,status,time_received,time_received_datetimeobj,time_received_isoformat,time_received_tz_datetimeobj,time_received_tz_isoformat,time_received_utc_datetimeobj,time_received_utc_isoformat
0,::1,-,-,GET / HTTP/1.1,1.1,GET,/,,,,,/,,,{},[],{},,,46,200,[01/Apr/2020:14:05:39 +0900],2020-04-01 14:05:39,2020-04-01 14:05:39,2020-04-01 14:05:39+09:00,2020-04-01T14:05:39+09:00,2020-04-01 05:05:39+00:00,2020-04-01T05:05:39+00:00
1,::1,-,-,GET /favicon.ico HTTP/1.1,1.1,GET,/favicon.ico,,,,,/favicon.ico,,,{},[],{},,,196,404,[01/Apr/2020:14:05:39 +0900],2020-04-01 14:05:39,2020-04-01 14:05:39,2020-04-01 14:05:39+09:00,2020-04-01T14:05:39+09:00,2020-04-01 05:05:39+00:00,2020-04-01T05:05:39+00:00
2,::1,-,-,-,,,,,,,,,,,,,,,,-,408,[01/Apr/2020:14:06:39 +0900],2020-04-01 14:06:39,2020-04-01 14:06:39,2020-04-01 14:06:39+09:00,2020-04-01T14:06:39+09:00,2020-04-01 05:06:39+00:00,2020-04-01T05:06:39+00:00
3,::1,-,-,GET / HTTP/1.1,1.1,GET,/,,,,,/,,,{},[],{},,,-,304,[02/Apr/2020:04:08:34 +0900],2020-04-02 04:08:34,2020-04-02 04:08:34,2020-04-02 04:08:34+09:00,2020-04-02T04:08:34+09:00,2020-04-01 19:08:34+00:00,2020-04-01T19:08:34+00:00
4,::1,-,-,GET /favicon.ico HTTP/1.1,1.1,GET,/favicon.ico,,,,,/favicon.ico,,,{},[],{},,,196,404,[02/Apr/2020:04:08:34 +0900],2020-04-02 04:08:34,2020-04-02 04:08:34,2020-04-02 04:08:34+09:00,2020-04-02T04:08:34+09:00,2020-04-01 19:08:34+00:00,2020-04-01T19:08:34+00:00
5,::1,-,-,-,,,,,,,,,,,,,,,,-,408,[02/Apr/2020:04:09:34 +0900],2020-04-02 04:09:34,2020-04-02 04:09:34,2020-04-02 04:09:34+09:00,2020-04-02T04:09:34+09:00,2020-04-01 19:09:34+00:00,2020-04-01T19:09:34+00:00
6,192.168.11.2,-,-,GET / HTTP/1.1,1.1,GET,/,,,,,/,,,{},[],{},,,46,200,[02/Apr/2020:04:45:05 +0900],2020-04-02 04:45:05,2020-04-02 04:45:05,2020-04-02 04:45:05+09:00,2020-04-02T04:45:05+09:00,2020-04-01 19:45:05+00:00,2020-04-01T19:45:05+00:00
7,::1,-,-,GET / HTTP/1.1,1.1,GET,/,,,,,/,,,{},[],{},,,-,304,[03/Apr/2020:00:42:42 +0900],2020-04-03 00:42:42,2020-04-03 00:42:42,2020-04-03 00:42:42+09:00,2020-04-03T00:42:42+09:00,2020-04-02 15:42:42+00:00,2020-04-02T15:42:42+00:00
8,::1,-,-,GET /favicon.ico HTTP/1.1,1.1,GET,/favicon.ico,,,,,/favicon.ico,,,{},[],{},,,196,404,[03/Apr/2020:00:42:42 +0900],2020-04-03 00:42:42,2020-04-03 00:42:42,2020-04-03 00:42:42+09:00,2020-04-03T00:42:42+09:00,2020-04-02 15:42:42+00:00,2020-04-02T15:42:42+00:00
9,::1,-,-,GET / HTTP/1.1,1.1,GET,/,,,,,/,,,{},[],{},,,-,304,[03/Apr/2020:05:24:36 +0900],2020-04-03 05:24:36,2020-04-03 05:24:36,2020-04-03 05:24:36+09:00,2020-04-03T05:24:36+09:00,2020-04-02 20:24:36+00:00,2020-04-02T20:24:36+00:00
10,::1,-,-,GET / HTTP/1.1,1.1,GET,/,,,,,/,,,{},[],{},,,-,304,[03/Apr/2020:05:24:39 +0900],2020-04-03 05:24:39,2020-04-03 05:24:39,2020-04-03 05:24:39+09:00,2020-04-03T05:24:39+09:00,2020-04-02 20:24:39+00:00,2020-04-02T20:24:39+00:00
11,::1,-,-,GET / HTTP/1.1,1.1,GET,/,,,,,/,,,{},[],{},,,-,304,[03/Apr/2020:05:24:39 +0900],2020-04-03 05:24:39,2020-04-03 05:24:39,2020-04-03 05:24:39+09:00,2020-04-03T05:24:39+09:00,2020-04-02 20:24:39+00:00,2020-04-02T20:24:39+00:00
12,::1,-,-,GET / HTTP/1.1,1.1,GET,/,,,,,/,,,{},[],{},,,-,304,[03/Apr/2020:05:24:39 +0900],2020-04-03 05:24:39,2020-04-03 05:24:39,2020-04-03 05:24:39+09:00,2020-04-03T05:24:39+09:00,2020-04-02 20:24:39+00:00,2020-04-02T20:24:39+00:00
13,::1,-,-,GET / HTTP/1.1,1.1,GET,/,,,,,/,,,{},[],{},,,-,304,[03/Apr/2020:05:24:39 +0900],2020-04-03 05:24:39,2020-04-03 05:24:39,2020-04-03 05:24:39+09:00,2020-04-03T05:24:39+09:00,2020-04-02 20:24:39+00:00,2020-04-02T20:24:39+00:00
14,::1,-,-,GET / HTTP/1.1,1.1,GET,/,,,,,/,,,{},[],{},,,-,304,[03/Apr/2020:05:24:40 +0900],2020-04-03 05:24:40,2020-04-03 05:24:40,2020-04-03 05:24:40+09:00,2020-04-03T05:24:40+09:00,2020-04-02 20:24:40+00:00,2020-04-02T20:24:40+00:00
15,::1,-,-,GET / HTTP/1.1,1.1,GET,/,,,,,/,,,{},[],{},,,-,304,[03/Apr/2020:05:24:40 +0900],2020-04-03 05:24:40,2020-04-03 05:24:40,2020-04-03 05:24:40+09:00,2020-04-03T05:24:40+09:00,2020-04-02 20:24:40+00:00,2020-04-02T20:24:40+00:00
16,::1,-,-,GET / HTTP/1.1,1.1,GET,/,,,,,/,,,{},[],{},,,-,304,[03/Apr/2020:05:24:40 +0900],2020-04-03 05:24:40,2020-04-03 05:24:40,2020-04-03 05:24:40+09:00,2020-04-03T05:24:40+09:00,2020-04-02 20:24:40+00:00,2020-04-02T20:24:40+00:00
17,::1,-,-,GET / HTTP/1.1,1.1,GET,/,,,,,/,,,{},[],{},,,-,304,[03/Apr/2020:05:24:40 +0900],2020-04-03 05:24:40,2020-04-03 05:24:40,2020-04-03 05:24:40+09:00,2020-04-03T05:24:40+09:00,2020-04-02 20:24:40+00:00,2020-04-02T20:24:40+00:00
18,::1,-,-,GET / HTTP/1.1,1.1,GET,/,,,,,/,,,{},[],{},,,-,304,[03/Apr/2020:05:24:40 +0900],2020-04-03 05:24:40,2020-04-03 05:24:40,2020-04-03 05:24:40+09:00,2020-04-03T05:24:40+09:00,2020-04-02 20:24:40+00:00,2020-04-02T20:24:40+00:00
19,::1,-,-,GET / HTTP/1.1,1.1,GET,/,,,,,/,,,{},[],{},,,-,304,[03/Apr/2020:05:24:41 +0900],2020-04-03 05:24:41,2020-04-03 05:24:41,2020-04-03 05:24:41+09:00,2020-04-03T05:24:41+09:00,2020-04-02 20:24:41+00:00,2020-04-02T20:24:41+00:00
20,::1,-,-,GET / HTTP/1.1,1.1,GET,/,,,,,/,,,{},[],{},,,-,304,[03/Apr/2020:05:24:41 +0900],2020-04-03 05:24:41,2020-04-03 05:24:41,2020-04-03 05:24:41+09:00,2020-04-03T05:24:41+09:00,2020-04-02 20:24:41+00:00,2020-04-02T20:24:41+00:00
21,::1,-,-,GET / HTTP/1.1,1.1,GET,/,,,,,/,,,{},[],{},,,-,304,[03/Apr/2020:05:24:41 +0900],2020-04-03 05:24:41,2020-04-03 05:24:41,2020-04-03 05:24:41+09:00,2020-04-03T05:24:41+09:00,2020-04-02 20:24:41+00:00,2020-04-02T20:24:41+00:00
22,::1,-,-,GET / HTTP/1.1,1.1,GET,/,,,,,/,,,{},[],{},,,-,304,[03/Apr/2020:05:24:41 +0900],2020-04-03 05:24:41,2020-04-03 05:24:41,2020-04-03 05:24:41+09:00,2020-04-03T05:24:41+09:00,2020-04-02 20:24:41+00:00,2020-04-02T20:24:41+00:00
23,::1,-,-,GET / HTTP/1.1,1.1,GET,/,,,,,/,,,{},[],{},,,-,304,[03/Apr/2020:05:24:41 +0900],2020-04-03 05:24:41,2020-04-03 05:24:41,2020-04-03 05:24:41+09:00,2020-04-03T05:24:41+09:00,2020-04-02 20:24:41+00:00,2020-04-02T20:24:41+00:00
24,::1,-,-,-,,,,,,,,,,,,,,,,-,408,[03/Apr/2020:05:25:36 +0900],2020-04-03 05:25:36,2020-04-03 05:25:36,2020-04-03 05:25:36+09:00,2020-04-03T05:25:36+09:00,2020-04-02 20:25:36+00:00,2020-04-02T20:25:36+00:00
